ExposeId;71840808;96643089;49533823;108518680;108485473;108485141;108456019;108436116;108247158;108244278;108059592;108055462;108043926;107693966;101425416;93625205;92689753;87740017;55721310;51430475
Url;https://www.immobilienscout24.de/expose/71840808;https://www.immobilienscout24.de/expose/96643089;https://www.immobilienscout24.de/expose/49533823;https://www.immobilienscout24.de/expose/108518680;https://www.immobilienscout24.de/expose/108485473;https://www.immobilienscout24.de/expose/108485141;https://www.immobilienscout24.de/expose/108456019;https://www.immobilienscout24.de/expose/108436116;https://www.immobilienscout24.de/expose/108247158;https://www.immobilienscout24.de/expose/108244278;https://www.immobilienscout24.de/expose/108059592;https://www.immobilienscout24.de/expose/108055462;https://www.immobilienscout24.de/expose/108043926;https://www.immobilienscout24.de/expose/107693966;https://www.immobilienscout24.de/expose/101425416;https://www.immobilienscout24.de/expose/93625205;https://www.immobilienscout24.de/expose/92689753;https://www.immobilienscout24.de/expose/87740017;https://www.immobilienscout24.de/expose/55721310;https://www.immobilienscout24.de/expose/51430475
Addresse;85622 Feldkirchen;85570 Markt Schwaben;85609 Aschheim;81825 München;85586 Poing;81737 München;81829 München;85635 Höhenkirchen;81549 München;82024 Taufkirchen;85570 Markt Schwaben;85570 Markt Schwaben;85551 Pöring;85591 Vaterstetten;85635 Höhenkirchen-Siegertsbrunn;82024 Taufkirchen;81825 München;85570 Markt Schwaben;81371 München;85570 Markt Schwaben
MapsUrl;https://www.google.de/maps/place/85622+Feldkirchen/@48.0788321,11.5142251,11.5z;https://www.google.de/maps/place/85570+Markt+Schwaben/@48.0788321,11.5142251,11.5z;https://www.google.de/maps/place/85609+Aschheim/@48.0788321,11.5142251,11.5z;https://www.google.de/maps/place/81825+München/@48.0788321,11.5142251,11.5z;https://www.google.de/maps/place/85586+Poing/@48.0788321,11.5142251,11.5z;https://www.google.de/maps/place/81737+München/@48.0788321,11.5142251,11.5z;https://www.google.de/maps/place/81829+München/@48.0788321,11.5142251,11.5z;https://www.google.de/maps/place/85635+Höhenkirchen/@48.0788321,11.5142251,11.5z;https://www.google.de/maps/place/81549+München/@48.0788321,11.5142251,11.5z;https://www.google.de/maps/place/82024+Taufkirchen/@48.0788321,11.5142251,11.5z;https://www.google.de/maps/place/85570+Markt+Schwaben/@48.0788321,11.5142251,11.5z;https://www.google.de/maps/place/85570+Markt+Schwaben/@48.0788321,11.5142251,11.5z;https://www.google.de/maps/place/85551+Pöring/@48.0788321,11.5142251,11.5z;https://www.google.de/maps/place/85591+Vaterstetten/@48.0788321,11.5142251,11.5z;https://www.google.de/maps/place/85635+Höhenkirchen-Siegertsbrunn/@48.0788321,11.5142251,11.5z;https://www.google.de/maps/place/82024+Taufkirchen/@48.0788321,11.5142251,11.5z;https://www.google.de/maps/place/81825+München/@48.0788321,11.5142251,11.5z;https://www.google.de/maps/place/85570+Markt+Schwaben/@48.0788321,11.5142251,11.5z;https://www.google.de/maps/place/81371+München/@48.0788321,11.5142251,11.5z;https://www.google.de/maps/place/85570+Markt+Schwaben/@48.0788321,11.5142251,11.5z
Kaltmiete;800;800;750;700;790;690;680;680;733;695;18,;18,;775;765;690;795;795;529;770;670
Warmmiete;940;950;750;850;920;840;710;890;950;880;18,;18,;920;905;800;925;870;679;1.0;860
Zimmer;2;2;2;2;2;2;2;2;2;2;2;2;2;2;2;2;2;2;2;2
Fläche;59;80;42;54;63;54;52;59,5;48,09;46,5;71,85;50;62;48,33;52;51;58;46;52,07;53,3
Etage;0/2;2/2;None;1/2;3/3;2/6;0/2;2/3;2;0/4;None;None;0/2;2/3;1/2;None;None;2/2;4/4;2/3
Grundriss;None;None;None;None;None;None;None;None;None;None;None;None;None;None;None;None;None;None;None;None
BezugsFrei; 01.01.2019 ; 01.03.2019 ; 1.11.2018 ; 01.01.2019 ; 01.01.2019 ; 01.02.2019 ; 01.01.2019 ; 01.01.2019 ; sofort ; 15.12.2018 ; Ende März 2019 ; Ende März 2019 ; 01.01.2019 ; 01.01.2019 ; 01.01.2019 ; 1.2.2019 ; nach Vereinbarung ; 01.02.2018 ; 01.01.2019 ; 01.02.2019 
Beschreibung;"Objektbeschreibung
Wir vermieten eine schöne 2 Zimmer Erdge-schoßwohnung in ruhiger aber zentraler Orslage von Feldkirchen.
Die Wohnung wird bevorzugt ab dem 01.01.2019 vermietet könnte aber auch ab dem 01.02.2019 vermietet werden.
Ausstattung
- Einbauküche mit Elektrogeräten
- Bad mit Badewanne / Dusche
- ruhige, sonnige Terrasse
- Im Schlaf- und Wohnzimmer sind neue Laminatböden verlegt.
 
Lage
Feldkirchen, ruhige aber zentrale Ortslage.
Sonstiges
Senden Sie uns bei Interesse gerne die Kontakt-email mit Ihren Fragen und Terminwünschen. Erstkontakt bitte ausschließlich per email! Vielen Dank.
";"Objektbeschreibung
Die großzügige, helle 2-Zimmer Dachgeschosswohnung befindet sich im 2. OG in einer kleinen gepflegten und ruhigen Wohnanlage. Die Wohnung besticht durch ihre zentrale und trotzdem ruhige Lage. Im Zentrum von Markt Schwaben ist man in weniger als 3 Minuten zu Fuß. Die Wohnung besteht aus einem Wohnzimmer, einer Küche, einem Schlafzimmer, 
Badezimmer mit Badewanne, Flur, einem nach Westen ausgerichteten Balkon und einer Abstellkammer. 

Diese Wohnung ist sehr gut für Paare geeignet, für Familien ist diese Wohnung nicht geeignet.

Zur Wohnung gehört ein Tiefgaragenstellplatz und auf Wunsch ein Außenstellplatz. Kabelfernsehen, sowie Internet ist in der Wohnung vorhanden.

Ausstattung
Die Wohnung ist mit hellem Laminatboden, Holztüren und -fenstern 
ausgestattet. Das Badezimmer und die Küche sind weiß gefliest. Die Küche ist mit einer Einbauküche inklusive einer kleinen Spülmaschine ausgestattet, die ablösefrei zur Verfügung gestellt wird. Im Haus befindet sich ein separater Waschraum mit einem Abstellplatz für die eigene Waschmaschine, ein Trockner steht den Mietern zur Verfügung. Zur Wohnung gehört ein eigenes Kellerabteil. Auf Wunsch können vom Vormieter die Balkonmöbel, sowie ein Gefrierschrank abgelöst werden
Lage
Markt Schwaben liegt ca. 20 km östlich von der Landeshauptstadt 
München entfernt und ist schnell über die A94 erreichbar. Zum Bahnhof Markt Schwaben geht man in ca. 5 Minuten. Durch die S-Bahn (S2) Anbindung ist man in knapp 20 Minuten am Ostbahnhof.
Zusätzlich gibt es noch die Bahnverbindung München-Mühldorf.
Alle Einkaufsmöglichkeiten sind zu Fuß erreichbar. Ärzte, Schulen Banken und Gastronomie sind in großer Anzahl und in unmittelbarer Nähe vorhanden.
Sonstiges
Zur Betreuung der Wohnanlage wird ein Hausmeister beauftragt, der sämtliche anfallenden Arbeiten (auch Treppenhaus- und Kellerreinigung) erledigt.

FOLGENDE UNTERLAGEN WERDEN BENÖTIGT:
- Selbstauskunft
- Schufa-Auskunft
- Studien- oder Arbeitsnachweis
- Einkommensnachweis
- Kopie vom Personalausweis

Gerne vereinbar ich mit Ihnen einen Besichtigungstermin. Kontaktieren Sie mich bitte per Mail.
";"Objektbeschreibung
NUR FÜR BERUFSPENDLER GEEIGNET!!!

Helle, ruhige und modern eingerichtete (alles neue Möbel) Souterrain-Wohnung IDEAL für Pendler, Messebesucher oder Geschäftsreisende. 

Direkt am Waldrand gelegen, nur ca. 5 Minuten Autofahrt zur Messe und ideale Anbindung an den Flughafen und Autobahn.

Ideal zum relaxen nach einem hektischen Tag.
Ausstattung
Alles hochwertige, moderne und neue Möbel mit Doppelbett, Dusche, WC, eigener Küche, Schreibtisch, Sofa, Garderobe. 

• Flachbild-Fernseher mit Satellitenanschluss.
• Kühlschrank mit Gefrierfach, Mikrowelle, Kochfeld, Kaffeemaschine, Wasserkocher.
Lage
Herrliche, ruhige Lage am Waldrand mit super Sportmöglichkeiten (Joggen, Golf, Radfahren, Wasserski, Tennis, Squash, etc...)

Wichtige Verkehrsanbindungen:
•ca. 3 Minuten zur A99, Ausfahrt Aschheim-Nord/Ismaning
•ca. 3 Minuten Gehweg zum BUS 228 Richtung Ismaning, Flughafen
•ca. 5 Minuten Gehweg zum BUS 263 Richtung Riem S-Bahn, Messe und U-Bahn
•ca. 10 Minuten Autofahrt zur Messe München
•ca. 10 Minuten Autofahrt zur S-Bahn Feldkirchen (S2)
•ca. 10 Minuten Autofahrt zur S-Bahn Ismaning (S8 – direkt zum Flughafen)
•ca. 20 Minuten Autofahrt zum Flughafen München-Erding
•ca. 20 Minuten Autofahrt zum Zentrum München
Sonstiges
Gute und ausreichende Parkmöglichkeiten vorhanden.
Sie haben einen eigenen Eingang mit eigener Klingel zur Wohnung. 
Restaurants und tolles Bistro für Frühstück in Nähe vorhanden.
ABSOLUTE Nichtraucher und keine Haustiere.
";"Objektbeschreibung
Die Wohnung befindet sich im 1. OG eines 6-Parteien Hauses. Aktuell wird die Wohnung gerade umgebaut. Im Bad befindet sich eine Badewanne mit Duschbereich, eine Handtuchheizung sowie eine Stellmöglichkeit für eine Waschmaschine. Die Küche ist zum Wohnzimmer hin offen. Eine EBK ist nicht vorhanden.
Ausstattung
In der gesamten Wohnung ist Fliesenboden verlegt. Im Bad befindet sich eine Badewanne mit Duschbereich und ein beheizter Handtuchhalter.
Lage
Die Ickelsamerstraße befindet sich in Kirchtrudering. Nur wenige Gehminuten entfernt finden Sie alle Geschäfte des täglichen Bedarfs (Apotheken, Supermärkte, Biomärkte, Drogeriemärkte, Blumenläden, Obstläden, uvm.). Die Bushaltestelle "Schmuckerweg" finden Sie ebenfalls nicht weit entfernt. Diese verbindet Sie über mehrere Buslinien (185, 192, 194 ,139) mit dem Bahnhof Trudering (S4,S6,U2), der Messestadt, Berg am Laim, dem Arabellapark oder Neuperlach. Durch die Nähe zur Messestadt ist auch der Riemer Park nicht weit entfernt und lässt sich ebenfalls Fußläufig leicht erreichen.
";"Objektbeschreibung
Diese ansprechende, gepflegte DG-Wohnung im dritten Stock ist zum 01.01.2019 frei. Die Küchenmöbel vom Vormieter können abgelöst werden. Zu der Wohnung zählen zweieinhalb attraktive Zimmer. Zum Objekt gehört auch ein Balkon, auf dem es sich wunderbar vom Alltag erholen lässt. 
•	Großer offener Wohn- und Küchenbereich
•	Schlafzimmer
•	Bad mit Badewanne
•	Abstellkammer mit Fenster
•	Balkon
•	Kellerabteil
•	Tiefgarage
•	Kein Aufzug
Lage
ruhige Lage, 1 km von der S-Bahn-Station Poing entfernt
";"Objektbeschreibung
Diese freundliche, gepflegte Wohnung in der zweiten Etage kann zum 01.02.2019 bezogen werden.
Die Wohnung verfügt über zwei hübsche Zimmer eine Abstellkammer, Küche und Bad. Sie wird nach dem Auszug des derzeitigen Mieters wieder komplett saniert. Über einen Fahrstuhl gelangen Sie bequem in die entsprechende Zwischen-Etage. Zur Wohnung gehört auch ein Balkon,ein Kellerabteil sowie ein Tiefgaragen-Stellplatz.
Die Wohnung ist eine Nichtraucherwohnung !!! 
Bitte keine Makleranfragen, diese werden nicht beantwortet.
Ausstattung
Die Wohnung ist ausgestattet mit einer  Einbauküche mit Herd und Kühlgefrierkombination. Eine Geschirrspülmaschine müsst abgelöst werden.
Lage
 Die Wohnung befindet sich im Kafka-Carrè zischen dem Einkaufszentrum PEP und dem Truderinger Wald, sehr zentral mit bester Anbindung an den MVV.
";"Objektbeschreibung
Diese attraktive, sanierte Erdgeschosswohnung kann zum 01.01.2019 bezogen werden. Zu der Wohnung zählen zwei hübsche Zimmer. Eine Einbauküche steht Ihnen außerdem zur Verfügung.
Ausstattung
Dusche mit WC, im Bad Fußbodenheizung, alle anderen Räume Laminat.
Nachtspeicherheizung und Warmwasser-Boiler.
Kein Keller verfügbar.
Lage
Sehr gute Verkehrsanbindung. MVV 2 Minuten zu Fuss, Einkaufsmöglichkeiten direkt vor Ort, Riemer Park in unmittelbarer Nähe
Sonstiges
Keine Haustiere.
Vermieten nur an eine Person
";"Objektbeschreibung
Diese gepflegte und helle Wohnung wird Sie überzeugen! Das Wohnzimmer und der Wintergarten sind nach Osten (Vormittagssonne) mit Blick über den "kleinen Bahnübergang" und Grün Richtung "Leonhardikirche" ausgerichtet. Die Wohnung ist stufenlos mit einem Lift erreichbar und behindertenfreundlich. 

S-Bahn und Einkaufsmöglichkeiten sind fußläufig erreichbar.
Ausstattung
Die helle Wohnung befindet sich in einem gepflegten Zustand. Sie ist in den Wohnräumen und der Diele mit Parkettboden und in Bad und Küche mit hellen Fliesen ausgestattet. 

Das Bad ist mit einer bodengleichen Dusche (keine Badewanne!), WC, Waschbecken und einem Waschmaschinen-Anschluß ausgestattet. In der Küche stellt der Vermieter  eine gepflegte, helle Einbauküche mit Kühlschrank mit kleinem Gefrierfach, Herd mit Ceranfeld, Dunstumlufthaube und eine neue Geschirrspülmaschine zur Verfügung. 

Die Wohnung wurde entgegen der Grundrissabbildung umgestaltet. Das Wohnzimmer ist etwas kleiner, jedoch wurde so eine großzügige Abstellnische in der Diele geschaffen.

Das Kellerabteil und die Tiefgarage sind in den Untergeschossen über einen Lift bequem erreichbar. Hier finden Sie auch einen Trockenraum. Der Stellplatz ist ein Einzelstellplatz in der Tiefgarage.
Lage
Die Wohnung liegt innerhalb einer gepflegten Wohnanlage und angenehmer Wohngegend.

Der "kleine Bahnübergang" wird überwiegend von Fahrradfahrern und Fußgängern genutzt.

Höhenkirchen/Siegertsbrunn liegt ca. 10 km südlich vom Stadtrand Münchens entfernt und ist durch den S-Anschluss (S7) sowie den nahegelegenen Autobahn-Anschluss "Ottobrunn/Höhenkirchen" ideal in alle Richtungen angebunden. Umgeben von viel Grün müssen Sie hier nicht  auf Citynähe verzichten! In ca. 25 min. sind Sie mit der S-Bahn ebenso wie mit dem Auto in der Innenstadt Münchens. Die südlichen Stadtteile Münchens erreichen Sie in ca. 10-15 Fahrmin.

Die moderne Haltestelle der S-Bahn ist in 2 Gehmin. erreichbar. Ein Bäcker befindet im Haus.  2 Supermärkte (Edeka, Tengelmann) erreichen Sie in ca. 5-7 Gehmin.  Höhenkirchen-Siegertsbrunn ist infrastrukturmäßig sehr gut erschlossen. Es gibt u.a. mehrere Metzger, Bäckereien, Apotheken, Ärzte verschiedener Fachrichtungen, Schreibwarengeschäfte, Banken, einen Drogeriemarkt, eine Filiale der Post, einen Blumenladen sowie viele weitere Geschäfte. Einige dieser Geschäfte erreichen Sie in wenigen Gehmin.  In Ihrer Freizeit können Sie  es sich in einer von 3 Wirtschaften mit Biergarten, einer der Restaurants verschiedenster Richtungen oder einem der Café´s schmecken lassen. 

Höhenkirchen/Siegertsbrunn ist eine Gemeinde mit vielen Freizeitmöglichkeiten für jedes Alter und einem regen Vereinsleben. Höhenkirchen/Siegertsbrunn verbindet Tradition mit dem modernen Leben! Eine Gemeinde zum Wohlfühlen!
Sonstiges
Alle Angaben sind ohne Gewähr und beruhen auf Informationen, die uns von unserem Auftraggeber zur Verfügung gestellt werden. Wir übernehmen keine Gewähr für die Vollständigkeit, Richtigkeit und Aktualität dieser Angaben. Zwischenvermietung vorbehalten.

Die Fotos stammen teilweise vom Vormieter.
Aktueller Energieausweis ist in Bearbeitung.

Sie möchten selbst eine Immobilie verkaufen oder vermieten? Gern sind wir auch für Sie erfolgreich tätig! 
Für Verkäufer kostenfrei!
";"Objektbeschreibung
Die gepflegte Wohnanlage liegt in einer ruhigen Nebenstraße im Stadtteil Giesing. Sie verfügt über einen kleinen Kinderspielplatz, sowie eine Tiefgarage. 

Die Wohnung liegt im 2.OG und verfügt über einen Balkon.
Ausstattung
Ausgestattet ist die Wohnung mit hochwertigem Parkettboden und einem modernen Badezimmer.
Lage
Die Wohnanlage liegt im Stadtteil Giesing, unweit von Geschäften des täglichen Bedarfs entfernt. Öffentliche Verkehrsmittel sind ebenso gut zu erreichen.
Sonstiges
Ich weise darauf hin, dass es sich hierbei um Beispielfotos handelt. 

Bei ernsthaftem Interesse: Kontaktanfragen (gern mit kurzer Vorstellung) bitte ausschließlich über die Nachrichtenfunktion bei Immoscout. Telefonische Anfragen können leider nicht berücksichtigt werden.
";"Objektbeschreibung
Diese Wohnanlage besteht aus 56 Wohnungen mit Tiefgarage und ist in massiver Bauweise 1982 erstellt worden. Die gesamte Anlage wird durch einen Hausmeister sehr gut gepflegt. Sie liegt in einer ruhigen Seitenstraße mit großzügigen Grünflächen rundherum sowie einem Kinderspielplatz.

Zur Wohnung gehört ein großzüger Balkon von dem Sie aus über eine kleine Treppe zu Ihrem kleinen Garten hinunter gehen können. 
Der Garten hat ca. eine Größe von 25 m² und dient Ihrer alleinigen Nutzung.

In die Soudterrain-Wohnung tritt man über eine  länglich geschnittene Diele ein, von dort gelangt man in das Badezimmer und in den großzügig geschnittenen Wohn- und Essraum mit offener Einbauküche.
Für die Gemütlichkeit ist der Schlafraum vom Wohnraum durch ein platzsparende, faltbare Schiebetür zum Schlafraum abgetrennt.
Von der traumhafte Terrasse, die nach Südwest ausgerichtet ist, gelangt mit über ein paar Stufen in das großzügige Gartenanteil.
Ausstattung
Die Wohnung wird derzeit frisch gestrichen und mit neuem Laminatfußboden ausgestattet. 

*offene Wohnküche mit der Möglichkeit diese mit einer Falttür zu verschließen 
* NEUER Laminatfußboden in Wohn- und Schlafräumen (siehe separates Foto) 
* Bad mit Badewanne
* Kellerabteil mit Licht und Steckdose
* Tiefgarageneinzelstellplatz
* Fahrradkeller
* gemeinschaftlicher Wasch- und Trockenraum
Lage
Die Wohnanlage liegt in einer ruhigen Seitenstraße in Taufkirchen. Von dort sind fußläufig Einkaufsmöglichkeiten aller Art (Lebensmittel, Bekleidung, Elektronik, Haushaltswaren, Apotheke) zu finden.
Taufkirchen befindet sich, geschickt von der A95 und A8 eingerahmt, im Münchner Süden. Von der Wohnanlage sind es jeweils unter 10 Minuten mit dem Auto zu beiden Autobahnen. In nur vier Gehminuten sind Sie an der S8-Haltestelle Richtung Stadtmitte.
Trotz der idealen Infrastruktur sind auch große Grünflächen nicht weit, direkt hinter der Anlage befindet sich ein Park und hinter der A95 beginnt der weitläufige Perlacher Forst.
Mehr zu Taufkirchen finden Sie unter:
www.taufkirchen-mucl.de
Sonstiges
Wir freuen uns, dass Sie sich vorab über das Kontaktformular mit Namen, Email und Telefonnummer melden, in dem Sie schon kurz was über sich erzählen und vereinbaren dann gerne einen individuellen Besichtigungstermin mit Ihnen.

Sämtliche Unterlagen wurden uns vom Eigentümer zur Verfügung gestellt und sorgfältig geprüft. Eine Haftung der hier gemachten Angaben wird jedoch ausdrücklich nicht übernommen. Im übrigen gelten unsere AGB´s, die in dieser Anzeige als PDF Dokument angehängt sind. 
Irrtum und Zwischenvermietung sind ausdrücklich vorbehalten.

GERNE BEMÜHEN WIR UNS AUCH UM DIE VERMARKTUNG IHRER IMMOBILIE. SPRECHEN SIE UNS AN!!
";"Objektbeschreibung
Sichern Sie sich frühzeitig Ihre möblierte Wohnung in Markt Schwaben. Lassen Sie sich schon vorab auf die Interessentenliste eintragen.
Bezugsfertigkeit ist Ende des 1. Quartals 2019.
Mietpreise starten ab 18,50 € / m² / Monat zzgl. Nebenkosten.
TG-Stellplatz à 60,00 €.
Ausstattung
Highlights:
- Hochwertige Einbauküche mit deutschen
  Markengeräten
- Moderne Bäder, mit großformatigen Fliesen und 
  bodenebener Dusche.
- Parkettboden
- Einbaugarderobe im Eingangsbereich
- Maßgefertigte Einbauschränke für das 
  Schlafzimmer / Ankleide
- Deckenleuchten in allen Räumen
- Raumhöhe 257 cm 
- Vorhangschienen
- Bodenheizung in allen Räumen
Lage
Markt Schwaben liegt sehr verkehrsgünstig zwischen München und Erding (S-Bahn-Station fußläufig erreichbar). Durch diese sehr gute geografische Lage ist man in kürzester Zeit sowohl in der Großstadt München, den Voralpen oder auch am internationalen Flughafen München.

Gemäß Veröffentlichung und Bekanntmachung wird mit dem Bau des S-Bahn-Ringschlusses Ende 2019 begonnen.  München – Markt Schwaben – Erding – Flughafen

Vor allem die perfekte öffentliche Verkehrsanbindung an die Stadt München macht den Standort für Pendler, Studenten und Berufstätige äußerst attraktiv. So erreicht man den Münchner Ostbahnhof in nur 15 Minuten mit dem Regionalzug.

Für den täglichen Bedarf sind alle gängigen Nahversorger und Discounter vor Ort (Aldi, Norma, Penny, EDEKA und Kaufland) und in wenigen Gehminuten erreichbar.
";"Objektbeschreibung
Sichern Sie sich frühzeitig Ihre möblierte Wohnung in Markt Schwaben. Lassen Sie sich schon vorab auf die Interessentenliste eintragen.
Bezugsfertigkeit ist Ende des 1. Quartals 2019.
Mietpreise starten ab 18,50 € / m² / Monat zzgl. Nebenkosten.
TG-Stellplatz à 60,00 €.
Ausstattung
Highlights:
- Hochwertige Einbauküche mit deutschen
  Markengeräten
- Moderne Bäder, mit großformatigen Fliesen und 
  bodenebener Dusche.
- Parkettboden
- Einbaugarderobe im Eingangsbereich
- Maßgefertigte Einbauschränke für das 
  Schlafzimmer / Ankleide
- Deckenleuchten in allen Räumen
- Raumhöhe 257 cm 
- Vorhangschienen
- Bodenheizung in allen Räumen
Lage
Markt Schwaben liegt sehr verkehrsgünstig zwischen München und Erding (S-Bahn-Station fußläufig erreichbar). Durch diese sehr gute geografische Lage ist man in kürzester Zeit sowohl in der Großstadt München, den Voralpen oder auch am internationalen Flughafen München.

Gemäß Veröffentlichung und Bekanntmachung wird mit dem Bau des S-Bahn-Ringschlusses Ende 2019 begonnen.  München – Markt Schwaben – Erding – Flughafen

Vor allem die perfekte öffentliche Verkehrsanbindung an die Stadt München macht den Standort für Pendler, Studenten und Berufstätige äußerst attraktiv. So erreicht man den Münchner Ostbahnhof in nur 15 Minuten mit dem Regionalzug.

Für den täglichen Bedarf sind alle gängigen Nahversorger und Discounter vor Ort (Aldi, Norma, Penny, EDEKA und Kaufland) und in wenigen Gehminuten erreichbar.
";"Objektbeschreibung
Die sonnige Zwei-Zimmer Wohnung liegt ruhig in einer kleinen Wohnanlage und an einer Sackgasse im Ort Pöring. 
Sie verfügt über einen Flur mit Zugang zum Bad sowie über ein großzügiges Wohnzimmer mit Zugang zur Terrasse, Küche und Schlafzimmer. 
Das Bad wurde renoviert sowie die gesamte Wohnung mit einem hellen Laminatboden mit Fußbodenheizung ausgestattet. 
Die Wohnung ist bezugsfrei ab 1.12.2018. 
Zur Wohnung gehören eine eigene Terrasse sowie ein Kellerabteil. Im Kellerabteil gibt es einen Stromanschluss. Außerdem befindet sich im Keller ein Waschraum, in dem man seine eigene Waschmaschine und Trockner aufstellen kann. 
Ein Tiefgaragenstellplatz (Einzelbox, abschließbar, direkter Zugang im Haus) kann dazu gemietet werden. 
Für alle Bewohner des Hauses steht außerdem ein Fahrradkeller zur Verfügung.
Die Wohnung verfügt über einen ebenerdigen Zugang.
Ausstattung
Laminat, Fußbodenheizung, Einbauküche, Terrasse, Kellerabteil, abgeschlossene Tiefgarage (Box) mit direktem Zugang zum Haus (ohne Aufzug), Waschkeller, Fahrradkeller.
Lage
Nur zwei Minuten zum S-Bahnhof Zorneding und trotzdem ruhig gelegen! Dank S4 und S6 ist der Marienplatz im 8- und 12-Minuten-Takt in 26 und 28 Minuten zu erreichen (2 Zonen, Zeit je nach S4 oder S6). 
";"Objektbeschreibung
Bei dieser ansprechenden Immobilie handelt es sich um einen Erstbezug. Die Wohnung im ersten Stock zeichnet sich durch eine gehobene Innenausstattung aus und kann zum 01.01.2019 bezogen werden. 

Die lichtdurchflutete Wohnung (Süd-/Ostausrichtung) verfügt über zwei gut geschnittene Zimmer. Vom Wohn- und Schlafzimmer aus kann man die bodentiefen Fenster öffnen und blickt direkt ins Grüne.  Auf dem Balkon lässt es sich wunderbar vom Alltag erholen. 

Die Wohnung verfügt über eine Marken-EBK mit sehr hochwertigen Elektrogeräten.

Das Objekt lässt sich bequem über einen Fahrstuhl erreichen und ist barrierefrei zugänglich.  Ihnen steht außerdem ein Stellplatz für Ihr Auto und ein Kellerraum zur Verfügung.
Ausstattung
- Neue, hochwertige Einbauküche mit allen wichtigen Elektrogeräten (inkl. geräuscharmer Spülmaschine, Dunstabzug)
- Eichenparkett (Fischgrät)
- Bodentiefe Fenster
- Elektrische Rollläden
- Bad mit exklusiven Fliesen, bodengleicher gefliester Dusche, Glasduschabtrennung, Spiegelschrank
- Fußbodenheizung
- 1 TG-Stellplatz
Lage
Die Wohnung ist zwar in eine große Wohnanlage eingebettet, der Blick aus der Wohnung ist jedoch direkt ins Grüne gerichtet.  Die Wohnung ist ruhig und dennoch zentral gelegen.

Die Gemeinde Vaterstetten liegt nur wenige Kilometer südöstlich vor den Toren Münchens und verfügt über eine perfekte Verkehrsanbindung an die Landeshauptstadt. Die S-Bahn ist nur wenige Gehminuten entfernt. Mit ihr fährt man ca. 25 Minuten zum Marienplatz. Der Autobahn Anschluss Nürnberg / Salzburg / Garmisch / Lindau ist nur 2 km entfernt. Zahlreiche Wälder, Seen und die Alpen können Sie mit dem PkW schnell erreichen. Zur neuen Messe mit deren Einkaufszentren sind es nur wenige Minuten. Eine hervorragende ärztliche Versorgung, Kindergärten, alle Schulen, ein Hallenbad und Einkaufszentrum sowie diverse Sporteinrichtungen finden Sie vor Ort. 


Sonstiges
Bitte haben Sie Verständnis, dass wir nur schriftliche Anfragen mit vollständigen Kontaktdaten (Name, Firma, Anschrift, Telefonnummer) bearbeiten.
";"Objektbeschreibung
Bei diesem charmanten Objekt handelt es sich um eine bestens geschnittene 2-Zimmer Wohnung mit offener Küche, Duschbad und kleiner Kammer in einem gepflegten Haus (Baujahr 2005) am südlichen Ortsrand von Höhenkirchen. 
  
Über eine Außentreppe betritt man den Flur des Objekts, über den alle Zimmer erschlossen sind. Die Küche ist zum Wohnzimmer hin offen. 

Das Gebäude wurde in Niedrigenergiebauweise erstellt. Die Heizkosten sind extrem niedrig, der Strom wird über Solartechnik erzeugt. 

Gemütlichkeit und Behaglichkeit ist in diesem Objekt groß geschrieben.
Ausstattung
Edle Materialien sind hier Standard: wunderschöne Fliesen im Wohnzimmer, Flur und im Duschbad, Parkettboden im Schlafzimmer, und eine sehr schöne Badausstattung udgl. sind selbstverständlich.  

Aufgrund der ausgeklügelten Heiztechnik mit Wärmerückgewinnung usw. sind die Heizkosten unschlagbar günstig.  

Eine Kücheneinrichtung ist vorhanden und wird kostenlos überlassen. 

Zur Wohnung gehören ein PKW Stellplatz im Freien, sowie ein Kellerabteil.
Lage
Höhenkirchen-Siegertsbrunn liegt südöstlich vom München und hat eine sehr gute Infrastruktur, sowohl im Bezug auf Einkaufsmöglichkeiten, als auch in der Anbindung nach München. Der Ort verbindet die Attribute "Wohnen im Grünen und dennoch stadtnah" so gut, wie kaum eine andere Umlandgemeinde Münchens. 

Mit der S-Bahn ist man in ca. 25 Minuten in der Stadtmitte von München. Über den Autobahnring und die Salzburger Autobahn ist man ideal angebunden.
Sonstiges
Die Wohnung befindet sich in der Nähe der S-Bahngleise. Innerhalb der Wohnung ist eine vorbeifahrende S-Bahn jedoch kaum wahrnehmbar. ferner befindet sich im EG des Hauses ein Installationsbetrieb, der morgens beliefert wird. Ansonsten finden hier keine Störungen statt.

Bitte beachten Sie, dass die Mindestmietzeit für diese Wohnung 2 Jahre beträgt. 
";"Objektbeschreibung
Die 51 qm Dachgeschosswohnung (58 qm Wohnnutzfläche) im 3. OG befindet sich in einer ruhigen und gepflegten Wohnanlage. 

Das geräumige Wohn-/ Esszimmer mit Atelierhöhe und großer Fensterfront sowie die ca. 10 qm große Terrasse, sind nach Südwesten ausgerichtet. 

Die Wohnung umfasst außerdem eine Küche, die abzulösen ist, sowie ein Badezimmer mit Tageslicht inkl. Wanne, Dusche und Waschmaschinenanschluss.
Die geräumige Diele umfasst 2 praktische Abstellkammern. Die Wohnung bietet mit insgesamt 5 erneuerten Dachfenstern und einer großen Fensterfront viel Tageslicht.
Ein Lift ist nicht vorhanden.

Ein privates Kellerabteil, ein Fahrradabstellraum sowie ein Wasch-/ Trockenraum gehören ebenfalls zur Wohnung.

Die Wohnung ist ab 1.2.2019 bezugsfrei. Vermietung von privat.
Ausstattung
+ 58 qm Wohnnutzfläche
+ 10 qm Sonnenterrasse 
+ 5 erneuerte Dachflächenfenster 
+ gut geschnittenes, helles Wohnzimmer mit großer Fensterfront und Altelierhöhe
+ ruhig gelegenes Schlafzimmer
+ Diele/ Flur mit praktischer Abstellkammer 
+ Badezimmer mit Fenster inkl. Wanne, Dusche und Waschmaschinenanschluss 
+ praktische Küche (abzulösen) mit Dachfenster und Abstellkammer
+ heller Fliesenboden, Schlafzimmer mit Laminat 
+ privates Abstellabteil, Fahrradraum, Wasch- und Trockenraum im Keller
Lage
Die Wohnung liegt in einer gepflegten und ruhigen aber dennoch zentralen Gegend in unmittelbarer Nähe des unbebauten Taufkirchner Landschaftsschutzgebiets. 
Einkaufsmöglichkeiten und diverse Restaurants sind zu Fuß gut erreichbar.
Die nächste Bushaltestelle ist fußläufig in ca. 2 Minuten zu erreichen, die S-Bahn liegt ca. 1,2 km entfernt.
";"Objektbeschreibung
Die zu vermietende Wohnung ist im 1. OG in einem 2 Fam. Haus. Ruhige Wohnlage. Süd/West Balkon, großer Ess- Küchenbereich mit  Einbauküche (ohne Elektrogeräte) welche aber vom Vormieter abgelöst werden können. Bad mit Waschmaschinen Anschluss. Nachtspeicheröfen. Heizkosten nach Bedarf.
Ausstattung
elektrische Rolläden, Wohnzimmer und Schlafzimmer mit Laminat.
Lage
Sehr gute Anbindung an den MVV, Einkaufsmöglichkeiten in direkter Umgebung, Hoher Freizeitwert da in wenigen Minuten der BUGA Park oder der Truderinger Wald erreicht werden kann. 
";"Objektbeschreibung
Bei dem Objekt handelt es sich um eine kleine Wohnanlage.
Die Waschmaschine kann im Bad aufgestellt werden. 
Die Einbauküche wird vom Vermieter zur kostenfreien Nutzung zur Verfügung gestellt.
Zur Wohnung gehört ein Kellerabteil und ein TG-Einzelstellplatz.
Ausstattung
Die Wohnung hinterlässt einen sehr ordentlichen und gepflegten Eindruck.
Lage
Die Gemeinde Markt Schwaben liegt im Osten Münchens und ist über die BAB A 94, sowie über die S-Bahn ( Linie 2 ) gut und schnell erreichbar. Schulen, Ärzte, zahlreiche Einkaufsmöglichkeiten, Banken usw. sind in der Gemeinde Markt Schwaben vorhanden und nur wenige hundert Meter entfernt
Sonstiges
Über der Wohnung befindet sich ein großer Speicherraum, welcher genutzt werden kann, jedoch nicht zur Wohnfläche hinzugezählt wurde.
";"Objektbeschreibung
- helle Galerie-/Dachgeschosswohnung mit hochwertiger Ausstattung
- Tiefgaragenstellplatz (Duplex oben)
- Kellerabteil (mit Stromanschluss)
Ausstattung
- Küche: attraktive und hochwertige Einbauküche mit Kühlschrank (mit kleinem Gefrierfach), Ofen, Ceran-Kochfeld, Spülmaschine, Mikrowelle und Beleuchtung
- Wohnzimmer: Buchenparkett, raumhohe Fenster
- Galerie: Buchenparkett
- Schlafzimmer: Buchenparkett
- Flur: Buchenparkett
- Bad: Badewanne, Waschmaschinenanschluß, deckenhoch gefliest
- kleine Dachterrasse
Lage
- Fenster und Dachterrasse mit Süd- bzw. Ostausrichtung
- unmittelbare U-Bahn-Nähe (U3, Brudermühlstraße), knapp 5 Minuten zu Fuß zur U-Bahn, 8 Minuten Fahrtzeit zum Marienplatz
- Parkanlage Neuhofer Berg direkt hinter dem Haus (über das "Gartentürchen" erreichbar)
Sonstiges
Aussagekräftige Zuschriften bitte per E-Mail an Herrn Roman Langer: 

     roman.langer@gmx.net 

Besichtigungsmöglichkeit nach Vereinbarung. 

-------------------------------------------------------- 

Haftungshinweis: 
Alle Angaben zum Objekt stammen aus der Baubeschreibung des Bauträgers. Änderungen und Irrtümer vorbehalten.
";"Objektbeschreibung
Die gut geschnittene 2-Zimmer Wohnung bestehend aus: Wohnzimmer, Schlafzimmer, Küche, Bad, Gang und großem Balkon befindet sich in einer sehr gut gepflegten Wohnanlage mit großer Gartenanlage. Im Keller befindet sich ein Waschmaschinenraum, Trockenräume und ein großes Kellerabteil. Die Gartenanlage steht allen Mietern zur Verfügung.
Ausstattung
Helles Eicheparkett in der gesamten Wohnung,   Fliesenboden in der Küche, Zentralheizung. Die Wohnung ist ausgestattet mit Holztüren und Holzfenstern. Badezimmer und Küche sind in weiß gehalten. Tiefgarage mit Waschplatz.
Lage
Ortsrandlage von Markt Schwaben, alle Geschäfte und Banken vor Ort, hoher Freizeitwert, S-Bahn nach München-Innenstadt ca. 30 min. (zu Fuß erreichbar), zur Autobahn A94 München-Passau 5 min., nach München-Riem ca. 10 min.
Sonstiges
Die Wohnanlage ist in einem sehr guten, gepflegten Zustand. Der Hausmeister ist vor Ort, übernimmt sämtliche anfallenden Arbeiten sowie die Reinigung der Keller und Treppenhäuser. Die Grünanlage und der große Kinderspielplatz werden professionell gepflegt.
"
Bilder;None;None;None;None;None;None;None;None;None;None;None;None;None;None;None;None;None;None;None;None
Vermieter;None;None;None;None;None;None;None;None;None;None;None;None;None;None;None;None;None;None;None;None
